Workbook

Sheet Datos Hornos Reflujo
A1: Dispositivo | B1: Timestamp | C1: Temperatura (°C)
A2: Horno Principal | B2: 2025-08-01 13:42:09 | C2: 39.04
A3: Horno Secundario | B3: 2025-08-01 13:42:10 | C3: 30.98
A4: Horno Principal | B4: 2025-08-01 13:42:10 | C4: 39.08
A5: Horno Secundario | B5: 2025-08-01 13:42:11 | C5: 30.98
A6: Horno Principal | B6: 2025-08-01 13:42:11 | C6: 39.08
A7: Horno Secundario | B7: 2025-08-01 13:42:12 | C7: 31
A8: Horno Principal | B8: 2025-08-01 13:42:12 | C8: 39.06
A9: Horno Secundario | B9: 2025-08-01 13:42:13 | C9: 30.98
A10: Horno Principal | B10: 2025-08-01 13:42:13 | C10: 39.12
A11: Horno Secundario | B11: 2025-08-01 13:42:14 | C11: 30.95
A12: Horno Principal | B12: 2025-08-01 13:42:14 | C12: 39.17
A13: Horno Secundario | B13: 2025-08-01 13:42:15 | C13: 30.9
... A3852: Horno Secundario | B3852: 2025-08-01 14:16:29 | C3852: 33.17

Sheet uno
A1: Timestamp | B1: Temperatura (°C)
A2: =IF('Datos Hornos Reflujo'!A2="Horno Principal",'Datos Hornos Reflujo'!B2,0) -> 2025-08-01 13:42:09 | B2: =IF('Datos Hornos Reflujo'!A2="Horno Principal",'Datos Hornos Reflujo'!C2,0) -> 39.04
A3: =IF('Datos Hornos Reflujo'!A3="Horno Principal",'Datos Hornos Reflujo'!B3,) -> 0 | B3: =IF('Datos Hornos Reflujo'!A3="Horno Principal",'Datos Hornos Reflujo'!C3,0) -> 0
A4: =IF('Datos Hornos Reflujo'!A4="Horno Principal",'Datos Hornos Reflujo'!B4,0) -> 2025-08-01 13:42:10 | B4: =IF('Datos Hornos Reflujo'!A4="Horno Principal",'Datos Hornos Reflujo'!C4,0) -> 39.08
A5: =IF('Datos Hornos Reflujo'!A5="Horno Principal",'Datos Hornos Reflujo'!B5,0) -> 0 | B5: =IF('Datos Hornos Reflujo'!A5="Horno Principal",'Datos Hornos Reflujo'!C5,0) -> 0
A6: =IF('Datos Hornos Reflujo'!A6="Horno Principal",'Datos Hornos Reflujo'!B6,0) -> 2025-08-01 13:42:11 | B6: =IF('Datos Hornos Reflujo'!A6="Horno Principal",'Datos Hornos Reflujo'!C6,0) -> 39.08
A7: =IF('Datos Hornos Reflujo'!A7="Horno Principal",'Datos Hornos Reflujo'!B7,0) -> 0 | B7: =IF('Datos Hornos Reflujo'!A7="Horno Principal",'Datos Hornos Reflujo'!C7,0) -> 0
A8: =IF('Datos Hornos Reflujo'!A8="Horno Principal",'Datos Hornos Reflujo'!B8,0) -> 2025-08-01 13:42:12 | B8: =IF('Datos Hornos Reflujo'!A8="Horno Principal",'Datos Hornos Reflujo'!C8,0) -> 39.06
A9: =IF('Datos Hornos Reflujo'!A9="Horno Principal",'Datos Hornos Reflujo'!B9,0) -> 0 | B9: =IF('Datos Hornos Reflujo'!A9="Horno Principal",'Datos Hornos Reflujo'!C9,0) -> 0
A10: =IF('Datos Hornos Reflujo'!A10="Horno Principal",'Datos Hornos Reflujo'!B10,0) -> 2025-08-01 13:42:13 | B10: =IF('Datos Hornos Reflujo'!A10="Horno Principal",'Datos Hornos Reflujo'!C10,0) -> 39.12
A11: =IF('Datos Hornos Reflujo'!A11="Horno Principal",'Datos Hornos Reflujo'!B11,0) -> 0 | B11: =IF('Datos Hornos Reflujo'!A11="Horno Principal",'Datos Hornos Reflujo'!C11,0) -> 0
A12: =IF('Datos Hornos Reflujo'!A12="Horno Principal",'Datos Hornos Reflujo'!B12,0) -> 2025-08-01 13:42:14 | B12: =IF('Datos Hornos Reflujo'!A12="Horno Principal",'Datos Hornos Reflujo'!C12,0) -> 39.17
A13: =IF('Datos Hornos Reflujo'!A13="Horno Principal",'Datos Hornos Reflujo'!B13,0) -> 0 | B13: =IF('Datos Hornos Reflujo'!A13="Horno Principal",'Datos Hornos Reflujo'!C13,0) -> 0
A14: =IF('Datos Hornos Reflujo'!A14="Horno Principal",'Datos Hornos Reflujo'!B14,0) -> 2025-08-01 13:42:15 | B14: =IF('Datos Hornos Reflujo'!A14="Horno Principal",'Datos Hornos Reflujo'!C14,0) -> 39.16
A15: =IF('Datos Hornos Reflujo'!A15="Horno Principal",'Datos Hornos Reflujo'!B15,0) -> 0 | B15: =IF('Datos Hornos Reflujo'!A15="Horno Principal",'Datos Hornos Reflujo'!C15,0) -> 0
... A3852: =IF('Datos Hornos Reflujo'!A3852="Horno Principal",'Datos Hornos Reflujo'!B3852,0) -> 0 | B3852: =IF('Datos Hornos Reflujo'!A3852="Horno Principal",'Datos Hornos Reflujo'!C3852,0) -> 0

Sheet dos
A1: Timestamp | B1: Temperatura (°C) | C1: velocidad | D1: aceleración
A2: =IF('Datos Hornos Reflujo'!A3="Horno Secundario",'Datos Hornos Reflujo'!B3,) -> 2025-08-01 13:42:10 | B2: =IF('Datos Hornos Reflujo'!A3="Horno Secundario",'Datos Hornos Reflujo'!C3,0) -> 30.98 | C2: 0 | D2: 0
A3: =IF('Datos Hornos Reflujo'!A5="Horno Secundario",'Datos Hornos Reflujo'!B5,) -> 2025-08-01 13:42:11 | B3: =IF('Datos Hornos Reflujo'!A5="Horno Secundario",'Datos Hornos Reflujo'!C5,0) -> 30.98 | C3: =(B3-B2) -> 0 | D3: =(C3-C2) -> 0
A4: =IF('Datos Hornos Reflujo'!A7="Horno Secundario",'Datos Hornos Reflujo'!B7,) -> 2025-08-01 13:42:12 | B4: =IF('Datos Hornos Reflujo'!A7="Horno Secundario",'Datos Hornos Reflujo'!C7,0) -> 31 | C4: =(B4-B3) -> 0.02 | D4: =(C4-C3) -> 0.02
A5: =IF('Datos Hornos Reflujo'!A9="Horno Secundario",'Datos Hornos Reflujo'!B9,) -> 2025-08-01 13:42:13 | B5: =IF('Datos Hornos Reflujo'!A9="Horno Secundario",'Datos Hornos Reflujo'!C9,0) -> 30.98 | C5: =(B5-B4) -> -0.02 | D5: =(C5-C4) -> -0.04
A6: =IF('Datos Hornos Reflujo'!A11="Horno Secundario",'Datos Hornos Reflujo'!B11,) -> 2025-08-01 13:42:14 | B6: =IF('Datos Hornos Reflujo'!A11="Horno Secundario",'Datos Hornos Reflujo'!C11,0) -> 30.95 | C6: =(B6-B5) -> -0.03 | D6: =(C6-C5) -> -0.01
A7: =IF('Datos Hornos Reflujo'!A13="Horno Secundario",'Datos Hornos Reflujo'!B13,) -> 2025-08-01 13:42:15 | B7: =IF('Datos Hornos Reflujo'!A13="Horno Secundario",'Datos Hornos Reflujo'!C13,0) -> 30.9 | C7: =(B7-B6) -> -0.05 | D7: =(C7-C6) -> -0.02
A8: =IF('Datos Hornos Reflujo'!A15="Horno Secundario",'Datos Hornos Reflujo'!B15,) -> 2025-08-01 13:42:16 | B8: =IF('Datos Hornos Reflujo'!A15="Horno Secundario",'Datos Hornos Reflujo'!C15,0) -> 30.9 | C8: =(B8-B7) -> 0 | D8: =(C8-C7) -> 0.05
A9: =IF('Datos Hornos Reflujo'!A16="Horno Secundario",'Datos Hornos Reflujo'!B16,) -> 2025-08-01 13:42:17 | B9: =IF('Datos Hornos Reflujo'!A16="Horno Secundario",'Datos Hornos Reflujo'!C16,0) -> 30.88 | C9: =(B9-B8) -> -0.02 | D9: =(C9-#REF!) -> #REF!
A10: =IF('Datos Hornos Reflujo'!A18="Horno Secundario",'Datos Hornos Reflujo'!B18,) -> 2025-08-01 13:42:18 | B10: =IF('Datos Hornos Reflujo'!A18="Horno Secundario",'Datos Hornos Reflujo'!C18,0) -> 30.9 | C10: =(B10-B9) -> 0.02 | D10: =(C10-C9) -> 0.04
A11: =IF('Datos Hornos Reflujo'!A22="Horno Secundario",'Datos Hornos Reflujo'!B22,) -> 2025-08-01 13:42:20 | B11: =IF('Datos Hornos Reflujo'!A22="Horno Secundario",'Datos Hornos Reflujo'!C22,0) -> 30.8 | C11: =(B11-B10) -> -0.1 | D11: =(C11-#REF!) -> #REF!
A12: =IF('Datos Hornos Reflujo'!A24="Horno Secundario",'Datos Hornos Reflujo'!B24,) -> 2025-08-01 13:42:21 | B12: =IF('Datos Hornos Reflujo'!A24="Horno Secundario",'Datos Hornos Reflujo'!C24,0) -> 30.83 | C12: =(B12-B11) -> 0.03 | D12: =(C12-C11) -> 0.13
A13: =IF('Datos Hornos Reflujo'!A26="Horno Secundario",'Datos Hornos Reflujo'!B26,) -> 2025-08-01 13:42:22 | B13: =IF('Datos Hornos Reflujo'!A26="Horno Secundario",'Datos Hornos Reflujo'!C26,0) -> 30.8 | C13: =(B13-B12) -> -0.03 | D13: =(C13-C12) -> -0.06
A14: =IF('Datos Hornos Reflujo'!A28="Horno Secundario",'Datos Hornos Reflujo'!B28,) -> 2025-08-01 13:42:23 | B14: =IF('Datos Hornos Reflujo'!A28="Horno Secundario",'Datos Hornos Reflujo'!C28,0) -> 30.83 | C14: =(B14-B13) -> 0.03 | D14: =(C14-C13) -> 0.06
A15: =IF('Datos Hornos Reflujo'!A3="Horno Secundario",'Datos Hornos Reflujo'!B3,) -> 2025-08-01 13:42:10 | B15: =IF('Datos Hornos Reflujo'!A30="Horno Secundario",'Datos Hornos Reflujo'!C30,0) -> 0
A16: =IF('Datos Hornos Reflujo'!A31="Horno Secundario",'Datos Hornos Reflujo'!B31,) -> 2025-08-01 13:42:25 | B16: =IF('Datos Hornos Reflujo'!A31="Horno Secundario",'Datos Hornos Reflujo'!C31,0) -> 30.9 | C16: =B16-#REF! -> #REF! | D16: =(C16-#REF!) -> #REF!
A17: =IF('Datos Hornos Reflujo'!A34="Horno Secundario",'Datos Hornos Reflujo'!B34,) -> 2025-08-01 13:42:27 | B17: =IF('Datos Hornos Reflujo'!A34="Horno Secundario",'Datos Hornos Reflujo'!C34,0) -> 30.9 | C17: =B17-#REF! -> #REF! | D17: =(C17-#REF!) -> #REF!
A18: =IF('Datos Hornos Reflujo'!A35="Horno Secundario",'Datos Hornos Reflujo'!B35,) -> 2025-08-01 13:42:28 | B18: =IF('Datos Hornos Reflujo'!A35="Horno Secundario",'Datos Hornos Reflujo'!C35,0) -> 30.92 | C18: =B18-#REF! -> #REF! | D18: =(C18-#REF!) -> #REF!
A19: =IF('Datos Hornos Reflujo'!A37="Horno Secundario",'Datos Hornos Reflujo'!B37,) -> 2025-08-01 13:42:29 | B19: =IF('Datos Hornos Reflujo'!A37="Horno Secundario",'Datos Hornos Reflujo'!C37,0) -> 30.9 | C19: =B19-B18 -> -0.02 | D19: =(C19-C18) -> #REF!
A20: =IF('Datos Hornos Reflujo'!A39="Horno Secundario",'Datos Hornos Reflujo'!B39,) -> 2025-08-01 13:42:30 | B20: =IF('Datos Hornos Reflujo'!A39="Horno Secundario",'Datos Hornos Reflujo'!C39,0) -> 30.98 | C20: =B20-B19 -> 0.08 | D20: =(C20-C19) -> 0.1
A21: =IF('Datos Hornos Reflujo'!A41="Horno Secundario",'Datos Hornos Reflujo'!B41,) -> 2025-08-01 13:42:31 | B21: =IF('Datos Hornos Reflujo'!A41="Horno Secundario",'Datos Hornos Reflujo'!C41,0) -> 30.98 | C21: =B21-B20 -> 0 | D21: =(C21-C20) -> -0.08
A22: =IF('Datos Hornos Reflujo'!A43="Horno Secundario",'Datos Hornos Reflujo'!B43,) -> 2025-08-01 13:42:32 | B22: =IF('Datos Hornos Reflujo'!A43="Horno Secundario",'Datos Hornos Reflujo'!C43,0) -> 30.95 | C22: =B22-B21 -> -0.03 | D22: =(C22-C21) -> -0.03
A23: =IF('Datos Hornos Reflujo'!A45="Horno Secundario",'Datos Hornos Reflujo'!B45,) -> 2025-08-01 13:42:33 | B23: =IF('Datos Hornos Reflujo'!A45="Horno Secundario",'Datos Hornos Reflujo'!C45,0) -> 30.98 | C23: =B23-B22 -> 0.03 | D23: =(C23-C22) -> 0.06
A24: =IF('Datos Hornos Reflujo'!A47="Horno Secundario",'Datos Hornos Reflujo'!B47,) -> 2025-08-01 13:42:34 | B24: =IF('Datos Hornos Reflujo'!A47="Horno Secundario",'Datos Hornos Reflujo'!C47,0) -> 30.95 | C24: =B24-B23 -> -0.03 | D24: =(C24-C23) -> -0.06
A25: =IF('Datos Hornos Reflujo'!A49="Horno Secundario",'Datos Hornos Reflujo'!B49,) -> 2025-08-01 13:42:35 | B25: =IF('Datos Hornos Reflujo'!A49="Horno Secundario",'Datos Hornos Reflujo'!C49,0) -> 30.98 | C25: =B25-B24 -> 0.03 | D25: =(C25-C24) -> 0.06
A26: =IF('Datos Hornos Reflujo'!A5="Horno Secundario",'Datos Hornos Reflujo'!B5,) -> 2025-08-01 13:42:11 | B26: =IF('Datos Hornos Reflujo'!A50="Horno Secundario",'Datos Hornos Reflujo'!C50,0) -> 0
A27: =IF('Datos Hornos Reflujo'!A51="Horno Secundario",'Datos Hornos Reflujo'!B51,) -> 2025-08-01 13:42:36 | B27: =IF('Datos Hornos Reflujo'!A51="Horno Secundario",'Datos Hornos Reflujo'!C51,0) -> 30.98 | C27: =(B27-B25) -> 0 | D27: =(C27-C25) -> -0.03
A28: =IF('Datos Hornos Reflujo'!A53="Horno Secundario",'Datos Hornos Reflujo'!B53,) -> 2025-08-01 13:42:37 | B28: =IF('Datos Hornos Reflujo'!A53="Horno Secundario",'Datos Hornos Reflujo'!C53,0) -> 31 | C28: =(B28-B27) -> 0.02 | D28: =(C28-C27) -> 0.02
A29: =IF('Datos Hornos Reflujo'!A54="Horno Secundario",'Datos Hornos Reflujo'!B54,) -> 2025-08-01 13:42:38 | B29: =IF('Datos Hornos Reflujo'!A54="Horno Secundario",'Datos Hornos Reflujo'!C54,0) -> 31 | C29: =(B29-#REF!) -> #REF! | D29: =(C29-#REF!) -> #REF!
A30: =IF('Datos Hornos Reflujo'!A56="Horno Secundario",'Datos Hornos Reflujo'!B56,) -> 2025-08-01 13:42:39 | B30: =IF('Datos Hornos Reflujo'!A56="Horno Secundario",'Datos Hornos Reflujo'!C56,0) -> 31.05 | C30: =(B30-B29) -> 0.05 | D30: =(C30-C29) -> #REF!
A31: =IF('Datos Hornos Reflujo'!A58="Horno Secundario",'Datos Hornos Reflujo'!B58,) -> 2025-08-01 13:42:40 | B31: =IF('Datos Hornos Reflujo'!A58="Horno Secundario",'Datos Hornos Reflujo'!C58,0) -> 31.08 | C31: =(B31-B30) -> 0.03 | D31: =(C31-C30) -> -0.02
A32: =IF('Datos Hornos Reflujo'!A62="Horno Secundario",'Datos Hornos Reflujo'!B62,) -> 2025-08-01 13:42:42 | B32: =IF('Datos Hornos Reflujo'!A62="Horno Secundario",'Datos Hornos Reflujo'!C62,0) -> 31.2 | C32: =(B32-#REF!) -> #REF! | D32: =(C32-#REF!) -> #REF!
A33: =IF('Datos Hornos Reflujo'!A64="Horno Secundario",'Datos Hornos Reflujo'!B64,) -> 2025-08-01 13:42:43 | B33: =IF('Datos Hornos Reflujo'!A64="Horno Secundario",'Datos Hornos Reflujo'!C64,0) -> 31.23 | C33: =(B33-B32) -> 0.03 | D33: =(C33-C32) -> #REF!
A34: =IF('Datos Hornos Reflujo'!A66="Horno Secundario",'Datos Hornos Reflujo'!B66,) -> 2025-08-01 13:42:44 | B34: =IF('Datos Hornos Reflujo'!A66="Horno Secundario",'Datos Hornos Reflujo'!C66,0) -> 31.27 | C34: =(B34-B33) -> 0.04 | D34: =(C34-C33) -> 0.01
A35: =IF('Datos Hornos Reflujo'!A68="Horno Secundario",'Datos Hornos Reflujo'!B68,) -> 2025-08-01 13:42:45 | B35: =IF('Datos Hornos Reflujo'!A68="Horno Secundario",'Datos Hornos Reflujo'!C68,0) -> 31.3 | C35: =(B35-B34) -> 0.03 | D35: =(C35-C34) -> -0.01
A36: =IF('Datos Hornos Reflujo'!A7="Horno Secundario",'Datos Hornos Reflujo'!B7,) -> 2025-08-01 13:42:12 | B36: =IF('Datos Hornos Reflujo'!A70="Horno Secundario",'Datos Hornos Reflujo'!C70,0) -> 31.35 | C36: =(B36-B35) -> 0.05 | D36: =(C36-C35) -> 0.02
A37: =IF('Datos Hornos Reflujo'!A72="Horno Secundario",'Datos Hornos Reflujo'!B72,) -> 2025-08-01 13:42:47 | B37: =IF('Datos Hornos Reflujo'!A72="Horno Secundario",'Datos Hornos Reflujo'!C72,0) -> 31.45 | C37: =(B37-B36) -> 0.1 | D37: =(C37-C36) -> 0.05
A38: =IF('Datos Hornos Reflujo'!A74="Horno Secundario",'Datos Hornos Reflujo'!B74,) -> 2025-08-01 13:42:48 | B38: =IF('Datos Hornos Reflujo'!A74="Horno Secundario",'Datos Hornos Reflujo'!C74,0) -> 31.52 | C38: =(B38-B37) -> 0.07 | D38: =(C38-C37) -> -0.03
A39: =IF('Datos Hornos Reflujo'!A75="Horno Secundario",'Datos Hornos Reflujo'!B75,) -> 2025-08-01 13:42:49 | B39: =IF('Datos Hornos Reflujo'!A75="Horno Secundario",'Datos Hornos Reflujo'!C75,0) -> 31.62 | C39: =(B39-#REF!) -> #REF! | D39: =(C39-#REF!) -> #REF!
A40: =IF('Datos Hornos Reflujo'!A77="Horno Secundario",'Datos Hornos Reflujo'!B77,) -> 2025-08-01 13:42:50 | B40: =IF('Datos Hornos Reflujo'!A77="Horno Secundario",'Datos Hornos Reflujo'!C77,0) -> 31.67 | C40: =(B40-B39) -> 0.05 | D40: =(C40-C39) -> #REF!
A41: =IF('Datos Hornos Reflujo'!A82="Horno Secundario",'Datos Hornos Reflujo'!B82,) -> 2025-08-01 13:42:53 | B41: =IF('Datos Hornos Reflujo'!A82="Horno Secundario",'Datos Hornos Reflujo'!C82,0) -> 32.03 | C41: =(B41-#REF!) -> #REF! | D41: =(C41-#REF!) -> #REF!
A42: =IF('Datos Hornos Reflujo'!A84="Horno Secundario",'Datos Hornos Reflujo'!B84,) -> 2025-08-01 13:42:54 | B42: =IF('Datos Hornos Reflujo'!A84="Horno Secundario",'Datos Hornos Reflujo'!C84,0) -> 32.15 | C42: =(B42-B41) -> 0.12 | D42: =(C42-C41) -> #REF!
A43: =IF('Datos Hornos Reflujo'!A86="Horno Secundario",'Datos Hornos Reflujo'!B86,) -> 2025-08-01 13:42:55 | B43: =IF('Datos Hornos Reflujo'!A86="Horno Secundario",'Datos Hornos Reflujo'!C86,0) -> 32.3 | C43: =(B43-B42) -> 0.15 | D43: =(C43-C42) -> 0.03
A44: =IF('Datos Hornos Reflujo'!A88="Horno Secundario",'Datos Hornos Reflujo'!B88,) -> 2025-08-01 13:42:56 | B44: =IF('Datos Hornos Reflujo'!A88="Horno Secundario",'Datos Hornos Reflujo'!C88,0) -> 32.42 | C44: =(B44-B43) -> 0.12 | D44: =(C44-C43) -> -0.03
A45: =IF('Datos Hornos Reflujo'!A9="Horno Secundario",'Datos Hornos Reflujo'!B9,) -> 2025-08-01 13:42:13 | B45: =IF('Datos Hornos Reflujo'!A90="Horno Secundario",'Datos Hornos Reflujo'!C90,0) -> 32.62 | C45: =(B45-B44) -> 0.2 | D45: =(C45-C44) -> 0.08
A46: =IF('Datos Hornos Reflujo'!A92="Horno Secundario",'Datos Hornos Reflujo'!B92,) -> 2025-08-01 13:42:58 | B46: =IF('Datos Hornos Reflujo'!A92="Horno Secundario",'Datos Hornos Reflujo'!C92,0) -> 32.75 | C46: =(B46-B45) -> 0.13 | D46: =(C46-C45) -> -0.07
A47: =IF('Datos Hornos Reflujo'!A94="Horno Secundario",'Datos Hornos Reflujo'!B94,) -> 2025-08-01 13:42:59 | B47: =IF('Datos Hornos Reflujo'!A94="Horno Secundario",'Datos Hornos Reflujo'!C94,0) -> 32.95 | C47: =(B47-B46) -> 0.2 | D47: =(C47-C46) -> 0.07
A48: =IF('Datos Hornos Reflujo'!A95="Horno Secundario",'Datos Hornos Reflujo'!B95,) -> 2025-08-01 13:43:00 | B48: =IF('Datos Hornos Reflujo'!A95="Horno Secundario",'Datos Hornos Reflujo'!C95,0) -> 33.12 | C48: =(B48-#REF!) -> #REF! | D48: =(C48-#REF!) -> #REF!
A49: =IF('Datos Hornos Reflujo'!A97="Horno Secundario",'Datos Hornos Reflujo'!B97,) -> 2025-08-01 13:43:01 | B49: =IF('Datos Hornos Reflujo'!A97="Horno Secundario",'Datos Hornos Reflujo'!C97,0) -> 33.22 | C49: =(B49-B48) -> 0.1 | D49: =(C49-C48) -> #REF!
A50: =IF('Datos Hornos Reflujo'!A99="Horno Secundario",'Datos Hornos Reflujo'!B99,) -> 2025-08-01 13:43:02 | B50: =IF('Datos Hornos Reflujo'!A99="Horno Secundario",'Datos Hornos Reflujo'!C99,0) -> 33.42 | C50: =(B50-B49) -> 0.2 | D50: =(C50-C49) -> 0.1
A51: =IF('Datos Hornos Reflujo'!A11="Horno Secundario",'Datos Hornos Reflujo'!B11,) -> 2025-08-01 13:42:14 | B51: =IF('Datos Hornos Reflujo'!A101="Horno Secundario",'Datos Hornos Reflujo'!C101,0) -> 33.65 | C51: =(B51-B50) -> 0.23 | D51: =(C51-C50) -> 0.03
A52: =IF('Datos Hornos Reflujo'!A13="Horno Secundario",'Datos Hornos Reflujo'!B13,) -> 2025-08-01 13:42:15 | B52: =IF('Datos Hornos Reflujo'!A103="Horno Secundario",'Datos Hornos Reflujo'!C103,0) -> 33.95 | C52: =(B52-B51) -> 0.3 | D52: =(C52-C51) -> 0.07
A53: =IF('Datos Hornos Reflujo'!A15="Horno Secundario",'Datos Hornos Reflujo'!B15,) -> 2025-08-01 13:42:16 | B53: =IF('Datos Hornos Reflujo'!A105="Horno Secundario",'Datos Hornos Reflujo'!C105,0) -> 34.17 | C53: =(B53-B52) -> 0.22 | D53: =(C53-C52) -> -0.08
A54: =IF('Datos Hornos Reflujo'!A16="Horno Secundario",'Datos Hornos Reflujo'!B16,) -> 2025-08-01 13:42:17 | B54: =IF('Datos Hornos Reflujo'!A106="Horno Secundario",'Datos Hornos Reflujo'!C106,0) -> 0
A55: =IF('Datos Hornos Reflujo'!A18="Horno Secundario",'Datos Hornos Reflujo'!B18,) -> 2025-08-01 13:42:18 | B55: =IF('Datos Hornos Reflujo'!A108="Horno Secundario",'Datos Hornos Reflujo'!C108,0) -> 0
A56: =IF('Datos Hornos Reflujo'!A11="Horno Secundario",'Datos Hornos Reflujo'!B11,) -> 2025-08-01 13:42:14 | B56: =IF('Datos Hornos Reflujo'!A110="Horno Secundario",'Datos Hornos Reflujo'!C110,0) -> 0
A57: =IF('Datos Hornos Reflujo'!A111="Horno Secundario",'Datos Hornos Reflujo'!B111,) -> 2025-08-01 13:43:08 | B57: =IF('Datos Hornos Reflujo'!A111="Horno Secundario",'Datos Hornos Reflujo'!C111,0) -> 34.88 | C57: =(B57-#REF!) -> #REF! | D57: =(C57-#REF!) -> #REF!
A58: =IF('Datos Hornos Reflujo'!A113="Horno Secundario",'Datos Hornos Reflujo'!B113,) -> 2025-08-01 13:43:09 | B58: =IF('Datos Hornos Reflujo'!A113="Horno Secundario",'Datos Hornos Reflujo'!C113,0) -> 35.1 | C58: =(B58-B57) -> 0.22 | D58: =(C58-C57) -> #REF!
A59: =IF('Datos Hornos Reflujo'!A114="Horno Secundario",'Datos Hornos Reflujo'!B114,) -> 2025-08-01 13:43:10 | B59: =IF('Datos Hornos Reflujo'!A114="Horno Secundario",'Datos Hornos Reflujo'!C114,0) -> 35.42 | C59: =(B59-#REF!) -> #REF! | D59: =(C59-#REF!) -> #REF!
A60: =IF('Datos Hornos Reflujo'!A116="Horno Secundario",'Datos Hornos Reflujo'!B116,) -> 2025-08-01 13:43:11 | B60: =IF('Datos Hornos Reflujo'!A116="Horno Secundario",'Datos Hornos Reflujo'!C116,0) -> 35.72 | C60: =(B60-B59) -> 0.3 | D60: =(C60-C59) -> #REF!
A61: =IF('Datos Hornos Reflujo'!A118="Horno Secundario",'Datos Hornos Reflujo'!B118,) -> 2025-08-01 13:43:12 | B61: =IF('Datos Hornos Reflujo'!A118="Horno Secundario",'Datos Hornos Reflujo'!C118,0) -> 36 | C61: =(B61-B60) -> 0.28 | D61: =(C61-C60) -> -0.02
A62: =IF('Datos Hornos Reflujo'!A122="Horno Secundario",'Datos Hornos Reflujo'!B122,) -> 2025-08-01 13:43:17 | B62: =IF('Datos Hornos Reflujo'!A122="Horno Secundario",'Datos Hornos Reflujo'!C122,0) -> 36.47 | C62: =(B62-#REF!) -> #REF! | D62: =(C62-#REF!) -> #REF!
A63: =IF('Datos Hornos Reflujo'!A123="Horno Secundario",'Datos Hornos Reflujo'!B123,) -> 2025-08-01 13:43:17 | B63: =IF('Datos Hornos Reflujo'!A123="Horno Secundario",'Datos Hornos Reflujo'!C123,0) -> 36.8 | C63: =(B63-#REF!) -> #REF! | D63: =(C63-#REF!) -> #REF!
A64: =IF('Datos Hornos Reflujo'!A124="Horno Secundario",'Datos Hornos Reflujo'!B124,) -> 2025-08-01 13:43:17 | B64: =IF('Datos Hornos Reflujo'!A124="Horno Secundario",'Datos Hornos Reflujo'!C124,0) -> 37.15 | C64: =(B64-B62) -> 0.68 | D64: =(C64-C62) -> #REF!
A65: =IF('Datos Hornos Reflujo'!A125="Horno Secundario",'Datos Hornos Reflujo'!B125,) -> 2025-08-01 13:43:17 | B65: =IF('Datos Hornos Reflujo'!A125="Horno Secundario",'Datos Hornos Reflujo'!C125,0) -> 37.42 | C65: =(B65-B63) -> 0.62 | D65: =(C65-C63) -> #REF!
A66: =IF('Datos Hornos Reflujo'!A13="Horno Secundario",'Datos Hornos Reflujo'!B13,) -> 2025-08-01 13:42:15 | B66: =IF('Datos Hornos Reflujo'!A130="Horno Secundario",'Datos Hornos Reflujo'!C130,0) -> 0
A67: =IF('Datos Hornos Reflujo'!A131="Horno Secundario",'Datos Hornos Reflujo'!B131,) -> 2025-08-01 13:43:19 | B67: =IF('Datos Hornos Reflujo'!A131="Horno Secundario",'Datos Hornos Reflujo'!C131,0) -> 38.12 | C67: =(B67-#REF!) -> #REF! | D67: =(C67-#REF!) -> #REF!
A68: =IF('Datos Hornos Reflujo'!A133="Horno Secundario",'Datos Hornos Reflujo'!B133,) -> 2025-08-01 13:43:20 | B68: =IF('Datos Hornos Reflujo'!A133="Horno Secundario",'Datos Hornos Reflujo'!C133,0) -> 38.4 | C68: =(B68-B67) -> 0.28 | D68: =(C68-C67) -> #REF!
A69: =IF('Datos Hornos Reflujo'!A134="Horno Secundario",'Datos Hornos Reflujo'!B134,) -> 2025-08-01 13:43:21 | B69: =IF('Datos Hornos Reflujo'!A134="Horno Secundario",'Datos Hornos Reflujo'!C134,0) -> 38.8 | C69: =(B69-#REF!) -> #REF! | D69: =(C69-#REF!) -> #REF!
A70: =IF('Datos Hornos Reflujo'!A136="Horno Secundario",'Datos Hornos Reflujo'!B136,) -> 2025-08-01 13:43:22 | B70: =IF('Datos Hornos Reflujo'!A136="Horno Secundario",'Datos Hornos Reflujo'!C136,0) -> 39.12 | C70: =(B70-B69) -> 0.32 | D70: =(C70-C69) -> #REF!
A71: =IF('Datos Hornos Reflujo'!A138="Horno Secundario",'Datos Hornos Reflujo'!B138,) -> 2025-08-01 13:43:23 | B71: =IF('Datos Hornos Reflujo'!A138="Horno Secundario",'Datos Hornos Reflujo'!C138,0) -> 39.47 | C71: =(B71-B70) -> 0.35 | D71: =(C71-C70) -> 0.03
A72: =IF('Datos Hornos Reflujo'!A142="Horno Secundario",'Datos Hornos Reflujo'!B142,) -> 2025-08-01 13:43:25 | B72: =IF('Datos Hornos Reflujo'!A142="Horno Secundario",'Datos Hornos Reflujo'!C142,0) -> 40.17 | C72: =(B72-#REF!) -> #REF! | D72: =(C72-#REF!) -> #REF!
A73: =IF('Datos Hornos Reflujo'!A144="Horno Secundario",'Datos Hornos Reflujo'!B144,) -> 2025-08-01 13:43:26 | B73: =IF('Datos Hornos Reflujo'!A144="Horno Secundario",'Datos Hornos Reflujo'!C144,0) -> 40.5 | C73: =(B73-B72) -> 0.33 | D73: =(C73-C72) -> #REF!
A74: =IF('Datos Hornos Reflujo'!A146="Horno Secundario",'Datos Hornos Reflujo'!B146,) -> 2025-08-01 13:43:27 | B74: =IF('Datos Hornos Reflujo'!A146="Horno Secundario",'Datos Hornos Reflujo'!C146,0) -> 40.85 | C74: =(B74-B73) -> 0.35 | D74: =(C74-C73) -> 0.02
A75: =IF('Datos Hornos Reflujo'!A148="Horno Secundario",'Datos Hornos Reflujo'!B148,) -> 2025-08-01 13:43:28 | B75: =IF('Datos Hornos Reflujo'!A148="Horno Secundario",'Datos Hornos Reflujo'!C148,0) -> 41.15 | C75: =(B75-B74) -> 0.3 | D75: =(C75-C74) -> -0.05
A76: =IF('Datos Hornos Reflujo'!A15="Horno Secundario",'Datos Hornos Reflujo'!B15,) -> 2025-08-01 13:42:16 | B76: =IF('Datos Hornos Reflujo'!A150="Horno Secundario",'Datos Hornos Reflujo'!C150,0) -> 41.5 | C76: =(B76-B75) -> 0.35 | D76: =(C76-C75) -> 0.05
A77: =IF('Datos Hornos Reflujo'!A152="Horno Secundario",'Datos Hornos Reflujo'!B152,) -> 2025-08-01 13:43:30 | B77: =IF('Datos Hornos Reflujo'!A152="Horno Secundario",'Datos Hornos Reflujo'!C152,0) -> 41.9 | C77: =(B77-B76) -> 0.4 | D77: =(C77-C76) -> 0.05
A78: =IF('Datos Hornos Reflujo'!A154="Horno Secundario",'Datos Hornos Reflujo'!B154,) -> 2025-08-01 13:43:31 | B78: =IF('Datos Hornos Reflujo'!A154="Horno Secundario",'Datos Hornos Reflujo'!C154,0) -> 42.17 | C78: =(B78-B77) -> 0.27 | D78: =(C78-C77) -> -0.13
A79: =IF('Datos Hornos Reflujo'!A155="Horno Secundario",'Datos Hornos Reflujo'!B155,) -> 2025-08-01 13:43:32 | B79: =IF('Datos Hornos Reflujo'!A155="Horno Secundario",'Datos Hornos Reflujo'!C155,0) -> 42.58 | C79: =(B79-#REF!) -> #REF! | D79: =(C79-#REF!) -> #REF!
A80: =IF('Datos Hornos Reflujo'!A157="Horno Secundario",'Datos Hornos Reflujo'!B157,) -> 2025-08-01 13:43:33 | B80: =IF('Datos Hornos Reflujo'!A157="Horno Secundario",'Datos Hornos Reflujo'!C157,0) -> 42.95 | C80: =(B80-B79) -> 0.37 | D80: =(C80-C79) -> #REF!
A81: =IF('Datos Hornos Reflujo'!A159="Horno Secundario",'Datos Hornos Reflujo'!B159,) -> 2025-08-01 13:43:34 | B81: =IF('Datos Hornos Reflujo'!A159="Horno Secundario",'Datos Hornos Reflujo'!C159,0) -> 43.35 | C81: =(B81-B80) -> 0.4 | D81: =(C81-C80) -> 0.03
A82: =IF('Datos Hornos Reflujo'!A16="Horno Secundario",'Datos Hornos Reflujo'!B16,) -> 2025-08-01 13:42:17 | B82: =IF('Datos Hornos Reflujo'!A160="Horno Secundario",'Datos Hornos Reflujo'!C160,0) -> 0
A83: =IF('Datos Hornos Reflujo'!A161="Horno Secundario",'Datos Hornos Reflujo'!B161,) -> 2025-08-01 13:43:35 | B83: =IF('Datos Hornos Reflujo'!A161="Horno Secundario",'Datos Hornos Reflujo'!C161,0) -> 43.7 | C83: =(B83-B81) -> 0.35 | D83: =(C83-C81) -> -0.05
A84: =IF('Datos Hornos Reflujo'!A163="Horno Secundario",'Datos Hornos Reflujo'!B163,) -> 2025-08-01 13:43:36 | B84: =IF('Datos Hornos Reflujo'!A163="Horno Secundario",'Datos Hornos Reflujo'!C163,0) -> 44.08 | C84: =(B84-B83) -> 0.38 | D84: =(C84-C83) -> 0.03
A85: =IF('Datos Hornos Reflujo'!A165="Horno Secundario",'Datos Hornos Reflujo'!B165,) -> 2025-08-01 13:43:37 | B85: =IF('Datos Hornos Reflujo'!A165="Horno Secundario",'Datos Hornos Reflujo'!C165,0) -> 44.47 | C85: =(B85-B84) -> 0.39 | D85: =(C85-C84) -> 0.01
A86: =IF('Datos Hornos Reflujo'!A167="Horno Secundario",'Datos Hornos Reflujo'!B167,) -> 2025-08-01 13:43:38 | B86: =IF('Datos Hornos Reflujo'!A167="Horno Secundario",'Datos Hornos Reflujo'!C167,0) -> 44.95 | C86: =(B86-B85) -> 0.48 | D86: =(C86-C85) -> 0.09
A87: =IF('Datos Hornos Reflujo'!A169="Horno Secundario",'Datos Hornos Reflujo'!B169,) -> 2025-08-01 13:43:39 | B87: =IF('Datos Hornos Reflujo'!A169="Horno Secundario",'Datos Hornos Reflujo'!C169,0) -> 45.38 | C87: =(B87-B86) -> 0.43 | D87: =(C87-C86) -> -0.05
A88: =IF('Datos Hornos Reflujo'!A171="Horno Secundario",'Datos Hornos Reflujo'!B171,) -> 2025-08-01 13:43:40 | B88: =IF('Datos Hornos Reflujo'!A171="Horno Secundario",'Datos Hornos Reflujo'!C171,0) -> 45.78 | C88: =(B88-B87) -> 0.4 | D88: =(C88-C87) -> -0.03
A89: =IF('Datos Hornos Reflujo'!A173="Horno Secundario",'Datos Hornos Reflujo'!B173,) -> 2025-08-01 13:43:41 | B89: =IF('Datos Hornos Reflujo'!A173="Horno Secundario",'Datos Hornos Reflujo'!C173,0) -> 46.2 | C89: =(B89-B88) -> 0.42 | D89: =(C89-C88) -> 0.02
A90: =IF('Datos Hornos Reflujo'!A174="Horno Secundario",'Datos Hornos Reflujo'!B174,) -> 2025-08-01 13:43:42 | B90: =IF('Datos Hornos Reflujo'!A174="Horno Secundario",'Datos Hornos Reflujo'!C174,0) -> 46.58 | C90: =(B90-#REF!) -> #REF! | D90: =(C90-#REF!) -> #REF!
A91: =IF('Datos Hornos Reflujo'!A176="Horno Secundario",'Datos Hornos Reflujo'!B176,) -> 2025-08-01 13:43:43 | B91: =IF('Datos Hornos Reflujo'!A176="Horno Secundario",'Datos Hornos Reflujo'!C176,0) -> 46.97 | C91: =(B91-B90) -> 0.39 | D91: =(C91-C90) -> #REF!
A92: =IF('Datos Hornos Reflujo'!A178="Horno Secundario",'Datos Hornos Reflujo'!B178,) -> 2025-08-01 13:43:44 | B92: =IF('Datos Hornos Reflujo'!A178="Horno Secundario",'Datos Hornos Reflujo'!C178,0) -> 47.4 | C92: =(B92-B91) -> 0.43 | D92: =(C92-C91) -> 0.04
A93: =IF('Datos Hornos Reflujo'!A18="Horno Secundario",'Datos Hornos Reflujo'!B18,) -> 2025-08-01 13:42:18 | B93: =IF('Datos Hornos Reflujo'!A180="Horno Secundario",'Datos Hornos Reflujo'!C180,0) -> 0
A94: =IF('Datos Hornos Reflujo'!A181="Horno Secundario",'Datos Hornos Reflujo'!B181,) -> 2025-08-01 13:43:46 | B94: =IF('Datos Hornos Reflujo'!A181="Horno Secundario",'Datos Hornos Reflujo'!C181,0) -> 48.25 | C94: =(B94-#REF!) -> #REF! | D94: =(C94-#REF!) -> #REF!
A95: =IF('Datos Hornos Reflujo'!A183="Horno Secundario",'Datos Hornos Reflujo'!B183,) -> 2025-08-01 13:43:47 | B95: =IF('Datos Hornos Reflujo'!A183="Horno Secundario",'Datos Hornos Reflujo'!C183,0) -> 48.7 | C95: =(B95-B94) -> 0.45 | D95: =(C95-C94) -> #REF!
A96: =IF('Datos Hornos Reflujo'!A185="Horno Secundario",'Datos Hornos Reflujo'!B185,) -> 2025-08-01 13:43:48 | B96: =IF('Datos Hornos Reflujo'!A185="Horno Secundario",'Datos Hornos Reflujo'!C185,0) -> 49.12 | C96: =(B96-B95) -> 0.42 | D96: =(C96-C95) -> -0.03
A97: =IF('Datos Hornos Reflujo'!A187="Horno Secundario",'Datos Hornos Reflujo'!B187,) -> 2025-08-01 13:43:49 | B97: =IF('Datos Hornos Reflujo'!A187="Horno Secundario",'Datos Hornos Reflujo'!C187,0) -> 49.53 | C97: =(B97-B96) -> 0.41 | D97: =(C97-C96) -> -0.01
A98: =IF('Datos Hornos Reflujo'!A189="Horno Secundario",'Datos Hornos Reflujo'!B189,) -> 2025-08-01 13:43:50 | B98: =IF('Datos Hornos Reflujo'!A189="Horno Secundario",'Datos Hornos Reflujo'!C189,0) -> 49.95 | C98: =(B98-B97) -> 0.42 | D98: =(C98-C97) -> 0.01
A99: =IF('Datos Hornos Reflujo'!A191="Horno Secundario",'Datos Hornos Reflujo'!B191,) -> 2025-08-01 13:43:51 | B99: =IF('Datos Hornos Reflujo'!A191="Horno Secundario",'Datos Hornos Reflujo'!C191,0) -> 50.35 | C99: =(B99-B98) -> 0.4 | D99: =(C99-C98) -> -0.02
A100: =IF('Datos Hornos Reflujo'!A193="Horno Secundario",'Datos Hornos Reflujo'!B193,) -> 2025-08-01 13:43:52 | B100: =IF('Datos Hornos Reflujo'!A193="Horno Secundario",'Datos Hornos Reflujo'!C193,0) -> 50.83 | C100: =(B100-B99) -> 0.48 | D100: =(C100-C99) -> 0.08
...
